{"packages/flutter_inappwebview/assets/t_rex_runner/t-rex.css":["packages/flutter_inappwebview/assets/t_rex_runner/t-rex.css"],"packages/flutter_inappwebview/assets/t_rex_runner/t-rex.html":["packages/flutter_inappwebview/assets/t_rex_runner/t-rex.html"],"packages/flutter_inappwebview_web/assets/web/web_support.js":["packages/flutter_inappwebview_web/assets/web/web_support.js"],"resources/audio/AbominationPissed_DE.wav":["resources/audio/AbominationPissed_DE.wav"],"resources/audio/AbominationPissed_EN.wav":["resources/audio/AbominationPissed_EN.wav"],"resources/audio/AbominationPissed_RU.wav":["resources/audio/AbominationPissed_RU.wav"],"resources/audio/Csgo_hover.wav":["resources/audio/Csgo_hover.wav"],"resources/audio/Csgo_press.wav":["resources/audio/Csgo_press.wav"],"resources/audio/Fortnite_hover.wav":["resources/audio/Fortnite_hover.wav"],"resources/audio/Fortnite_press.wav":["resources/audio/Fortnite_press.wav"],"resources/audio/Standard_hover.wav":["resources/audio/Standard_hover.wav"],"resources/audio/Standard_press.wav":["resources/audio/Standard_press.wav"],"resources/audio/Steam_hover.wav":["resources/audio/Steam_hover.wav"],"resources/audio/Steam_press.wav":["resources/audio/Steam_press.wav"],"resources/audio/Windows_notification.wav":["resources/audio/Windows_notification.wav"],"resources/backgrounds/Anime.jpg":["resources/backgrounds/Anime.jpg"],"resources/backgrounds/CatsDay.jpg":["resources/backgrounds/CatsDay.jpg"],"resources/backgrounds/Cyberpunk.jpg":["resources/backgrounds/Cyberpunk.jpg"],"resources/backgrounds/Easter.jpg":["resources/backgrounds/Easter.jpg"],"resources/backgrounds/Fallguys_v1.jpg":["resources/backgrounds/Fallguys_v1.jpg"],"resources/backgrounds/Fallguys_v2.jpg":["resources/backgrounds/Fallguys_v2.jpg"],"resources/backgrounds/FishingDay.jpg":["resources/backgrounds/FishingDay.jpg"],"resources/backgrounds/Genshin.jpg":["resources/backgrounds/Genshin.jpg"],"resources/backgrounds/God of War.jpg":["resources/backgrounds/God of War.jpg"],"resources/backgrounds/Halloween.jpg":["resources/backgrounds/Halloween.jpg"],"resources/backgrounds/Halo.jpg":["resources/backgrounds/Halo.jpg"],"resources/backgrounds/IceCreamDay.jpg":["resources/backgrounds/IceCreamDay.jpg"],"resources/backgrounds/JokeDay.jpg":["resources/backgrounds/JokeDay.jpg"],"resources/backgrounds/LoveDay.jpg":["resources/backgrounds/LoveDay.jpg"],"resources/backgrounds/NewYear.jpg":["resources/backgrounds/NewYear.jpg"],"resources/backgrounds/Ori and the Blind Forest.jpg":["resources/backgrounds/Ori and the Blind Forest.jpg"],"resources/backgrounds/SchoolDay.jpg":["resources/backgrounds/SchoolDay.jpg"],"resources/backgrounds/SpaceDay.jpg":["resources/backgrounds/SpaceDay.jpg"],"resources/backgrounds/SummerStart.jpg":["resources/backgrounds/SummerStart.jpg"],"resources/backgrounds/TastyFoodDay.jpg":["resources/backgrounds/TastyFoodDay.jpg"],"resources/backgrounds/Warcraft.jpg":["resources/backgrounds/Warcraft.jpg"],"resources/compressed_logos/logo.png":["resources/compressed_logos/logo.png"],"resources/flags/ar.png":["resources/flags/ar.png"],"resources/flags/cs.png":["resources/flags/cs.png"],"resources/flags/de.png":["resources/flags/de.png"],"resources/flags/en.png":["resources/flags/en.png"],"resources/flags/es.png":["resources/flags/es.png"],"resources/flags/fil.png":["resources/flags/fil.png"],"resources/flags/fr.png":["resources/flags/fr.png"],"resources/flags/hi.png":["resources/flags/hi.png"],"resources/flags/id.png":["resources/flags/id.png"],"resources/flags/it.png":["resources/flags/it.png"],"resources/flags/kk.png":["resources/flags/kk.png"],"resources/flags/ko.png":["resources/flags/ko.png"],"resources/flags/mn.png":["resources/flags/mn.png"],"resources/flags/pl.png":["resources/flags/pl.png"],"resources/flags/pt.png":["resources/flags/pt.png"],"resources/flags/ro.png":["resources/flags/ro.png"],"resources/flags/ru.png":["resources/flags/ru.png"],"resources/flags/tr.png":["resources/flags/tr.png"],"resources/flags/uk.png":["resources/flags/uk.png"],"resources/flags/uz.png":["resources/flags/uz.png"],"resources/flags/vi.png":["resources/flags/vi.png"],"resources/flags/zh.png":["resources/flags/zh.png"],"resources/fonts/NoirPro-Bold.otf":["resources/fonts/NoirPro-Bold.otf"],"resources/fonts/NoirPro-Light.otf":["resources/fonts/NoirPro-Light.otf"],"resources/fonts/NoirPro-Medium.otf":["resources/fonts/NoirPro-Medium.otf"],"resources/fonts/NoirPro-Regular.otf":["resources/fonts/NoirPro-Regular.otf"],"resources/fonts/NoirPro-SemiBold.otf":["resources/fonts/NoirPro-SemiBold.otf"],"resources/images/acrylic.png":["resources/images/acrylic.png"],"resources/images/bin.png":["resources/images/bin.png"],"resources/images/bios.png":["resources/images/bios.png"],"resources/images/box.png":["resources/images/box.png"],"resources/images/brightness.png":["resources/images/brightness.png"],"resources/images/celebrate.png":["resources/images/celebrate.png"],"resources/images/click.png":["resources/images/click.png"],"resources/images/cloud.png":["resources/images/cloud.png"],"resources/images/colors.png":["resources/images/colors.png"],"resources/images/complain.png":["resources/images/complain.png"],"resources/images/crash.png":["resources/images/crash.png"],"resources/images/cursor.png":["resources/images/cursor.png"],"resources/images/debug.png":["resources/images/debug.png"],"resources/images/defender.png":["resources/images/defender.png"],"resources/images/dice.png":["resources/images/dice.png"],"resources/images/eac.png":["resources/images/eac.png"],"resources/images/engine.png":["resources/images/engine.png"],"resources/images/eye-off.png":["resources/images/eye-off.png"],"resources/images/flashdrive.png":["resources/images/flashdrive.png"],"resources/images/flip.png":["resources/images/flip.png"],"resources/images/font.png":["resources/images/font.png"],"resources/images/fps.png":["resources/images/fps.png"],"resources/images/framerate.png":["resources/images/framerate.png"],"resources/images/fullscreen.png":["resources/images/fullscreen.png"],"resources/images/fun.png":["resources/images/fun.png"],"resources/images/grain.png":["resources/images/grain.png"],"resources/images/harddrive.png":["resources/images/harddrive.png"],"resources/images/hint.png":["resources/images/hint.png"],"resources/images/hitbox.png":["resources/images/hitbox.png"],"resources/images/injection.png":["resources/images/injection.png"],"resources/images/insert.png":["resources/images/insert.png"],"resources/images/issue.png":["resources/images/issue.png"],"resources/images/log.png":["resources/images/log.png"],"resources/images/logout.png":["resources/images/logout.png"],"resources/images/magnifier.png":["resources/images/magnifier.png"],"resources/images/mascot.png":["resources/images/mascot.png"],"resources/images/memory.png":["resources/images/memory.png"],"resources/images/mods.png":["resources/images/mods.png"],"resources/images/monitor.png":["resources/images/monitor.png"],"resources/images/mouse.png":["resources/images/mouse.png"],"resources/images/offline.png":["resources/images/offline.png"],"resources/images/opacity.png":["resources/images/opacity.png"],"resources/images/ping.png":["resources/images/ping.png"],"resources/images/platform.png":["resources/images/platform.png"],"resources/images/privacy.png":["resources/images/privacy.png"],"resources/images/profanity.png":["resources/images/profanity.png"],"resources/images/rain.webp":["resources/images/rain.webp"],"resources/images/reply.png":["resources/images/reply.png"],"resources/images/rocket.png":["resources/images/rocket.png"],"resources/images/rounding.png":["resources/images/rounding.png"],"resources/images/shortcut.png":["resources/images/shortcut.png"],"resources/images/snow.webp":["resources/images/snow.webp"],"resources/images/snowflake.webp":["resources/images/snowflake.webp"],"resources/images/socials.png":["resources/images/socials.png"],"resources/images/translate.png":["resources/images/translate.png"],"resources/images/trash.png":["resources/images/trash.png"],"resources/images/updates.png":["resources/images/updates.png"],"resources/images/version.png":["resources/images/version.png"],"resources/images/wall.png":["resources/images/wall.png"],"resources/images/weather.png":["resources/images/weather.png"],"resources/images/window_size.png":["resources/images/window_size.png"],"resources/shaders/background_image.frag":["resources/shaders/background_image.frag"],"resources/shaders/modification_card_image.frag":["resources/shaders/modification_card_image.frag"],"resources/shaders/raindrops.frag":["resources/shaders/raindrops.frag"],"resources/shaders/shimmer_effect.frag":["resources/shaders/shimmer_effect.frag"],"resources/shaders/winter.frag":["resources/shaders/winter.frag"]}